S7126 - 004 - 0,Mutual of Omaha Rx Plus , Mutual of Omaha Rx,Maryland,PDP,Regional Plan,$41.90,$415,"3,300",99,1526,370,637,668,216 ,05,368 ,"18,398 ",0,0,0,0,0,0,0,0,0,0,0,0,0,0,0,0,0,0,0
S7126 - 024 - 0,Mutual of Omaha Rx Plus , Mutual of Omaha Rx,Wyoming,PDP,Regional Plan,$47.00,$415,"3,300",99,1526,370,637,668,less than 10 ,25,"2,351 ","18,398 ",0,0,0,0,0,0,0,0,0,0,0,0,0,0,0,0,0,0,0
S7126 - 053 - 0,Mutual of Omaha Rx Value , Mutual of Omaha Rx,Louisiana,PDP,Regional Plan,$32.10,$415 ,"2,906",101,809,639,898,459,0,21,303 ,"36,540 ",0,0,0,0,0,0,0,0,0,0,0,0,0,0,0,0,0,0,0
S7126 - 018 - 0,Mutual of Omaha Rx Plus , Mutual of Omaha Rx,Arkansas,PDP,Regional Plan,$51.60,$415,"3,300",99,1526,370,637,668,0,19,213 ,"18,398 ",0,0,0,0,0,0,0,0,0,0,0,0,0,0,0,0,0,0,0
S7126 - 057 - 0,Mutual of Omaha Rx Value , Mutual of Omaha Rx,Wyoming,PDP,Regional Plan,$30.20,$415 ,"2,906",101,809,639,898,459,47 ,25,"3,159 ","36,540 ",0,0,0,0,0,0,0,0,0,0,0,0,0,0,0,0,0,0,0
S7126 - 011 - 0,Mutual of Omaha Rx Plus , Mutual of Omaha Rx,Alabama,PDP,Regional Plan,$45.40,$415,"3,300",99,1526,370,637,668,70 ,12,639 ,"18,398 ",0,0,0,0,0,0,0,0,0,0,0,0,0,0,0,0,0,0,0
S7126 - 044 - 0,Mutual of Omaha Rx Value , Mutual of Omaha Rx,Alabama,PDP,Regional Plan,$28.80,$415 ,"2,906",101,809,639,898,459,435 ,12,"1,596 ","36,540 ",0,0,0,0,0,0,0,0,0,0,0,0,0,0,0,0,0,0,0
S7126 - 020 - 0,Mutual of Omaha Rx Plus , Mutual of Omaha Rx,Louisiana,PDP,Regional Plan,$52.30,$415,"3,300",99,1526,370,637,668,0,21,142 ,"18,398 ",0,0,0,0,0,0,0,0,0,0,0,0,0,0,0,0,0,0,0
S7126 - 051 - 0,Mutual of Omaha Rx Value , Mutual of Omaha Rx,Arkansas,PDP,Regional Plan,$33.60,$415 ,"2,906",101,809,639,898,459,0,19,241 ,"36,540 ",0,0,0,0,0,0,0,0,0,0,0,0,0,0,0,0,0,0,0
S7126 - 037 - 0,Mutual of Omaha Rx Value , Mutual of Omaha Rx,Maryland,PDP,Regional Plan,$28.40,$415 ,"2,906",101,809,639,898,459,712 ,05,832 ,"36,540 ",0,0,0,0,0,0,0,0,0,0,0,0,0,0,0,0,0,0,0
S7126 - 002 - 0,Mutual of Omaha Rx Plus , Mutual of Omaha Rx,Massachusetts,PDP,Regional Plan,$41.20,$415,"3,300",99,1526,370,637,668,250 ,02,560 ,"18,398 ",0,0,0,0,0,0,0,0,0,0,0,0,0,0,0,0,0,0,0
S7126 - 035 - 0,Mutual of Omaha Rx Value , Mutual of Omaha Rx,Massachusetts,PDP,Regional Plan,$26.40,$415 ,"2,906",101,809,639,898,459,340 ,02,783 ,"36,540 ",0,0,0,0,0,0,0,0,0,0,0,0,0,0,0,0,0,0,0
S7126 - 026 - 0,Mutual of Omaha Rx Plus , Mutual of Omaha Rx,Colorado,PDP,Regional Plan,$37.00,$415,"3,300",99,1526,370,637,668,0,27,477 ,"18,398 ",0,0,0,0,0,0,0,0,0,0,0,0,0,0,0,0,0,0,0
S7126 - 059 - 0,Mutual of Omaha Rx Value , Mutual of Omaha Rx,Colorado,PDP,Regional Plan,$24.80,$415 ,"2,906",101,809,639,898,459,0,27,928 ,"36,540 ",0,0,0,0,0,0,0,0,0,0,0,0,0,0,0,0,0,0,0
S7126 - 010 - 0,Mutual of Omaha Rx Plus , Mutual of Omaha Rx,Florida,PDP,Regional Plan,$44.40,$415,"3,300",99,1526,370,637,668,0,11,792 ,"18,398 ",0,0,0,0,0,0,0,0,0,0,0,0,0,0,0,0,0,0,0
S7126 - 002 - 0,Mutual of Omaha Rx Plus , Mutual of Omaha Rx,Connecticut,PDP,Regional Plan,$41.20,$415,"3,300",99,1526,370,637,668,134 ,02,560 ,"18,398 ",0,0,0,0,0,0,0,0,0,0,0,0,0,0,0,0,0,0,0
S7126 - 043 - 0,Mutual of Omaha Rx Value , Mutual of Omaha Rx,Florida,PDP,Regional Plan,$29.30,$415 ,"2,906",101,809,639,898,459,0,11,916 ,"36,540 ",0,0,0,0,0,0,0,0,0,0,0,0,0,0,0,0,0,0,0
S7126 - 035 - 0,Mutual of Omaha Rx Value , Mutual of Omaha Rx,Connecticut,PDP,Regional Plan,$26.40,$415 ,"2,906",101,809,639,898,459,214 ,02,783 ,"36,540 ",0,0,0,0,0,0,0,0,0,0,0,0,0,0,0,0,0,0,0
S7126 - 037 - 0,Mutual of Omaha Rx Value , Mutual of Omaha Rx,Delaware,PDP,Regional Plan,$28.40,$415 ,"2,906",101,809,639,898,459,78 ,05,832 ,"36,540 ",0,0,0,0,0,0,0,0,0,0,0,0,0,0,0,0,0,0,0
S7126 - 004 - 0,Mutual of Omaha Rx Plus , Mutual of Omaha Rx,Delaware,PDP,Regional Plan,$41.90,$415,"3,300",99,1526,370,637,668,38 ,05,368 ,"18,398 ",0,0,0,0,0,0,0,0,0,0,0,0,0,0,0,0,0,0,0
S7126 - 042 - 0,Mutual of Omaha Rx Value , Mutual of Omaha Rx,Georgia,PDP,Regional Plan,$29.00,$415 ,"2,906",101,809,639,898,459,0,10,874 ,"36,540 ",0,0,0,0,0,0,0,0,0,0,0,0,0,0,0,0,0,0,0
S7126 - 009 - 0,Mutual of Omaha Rx Plus , Mutual of Omaha Rx,Georgia,PDP,Regional Plan,$46.70,$415,"3,300",99,1526,370,637,668,0,10,425 ,"18,398 ",0,0,0,0,0,0,0,0,0,0,0,0,0,0,0,0,0,0,0
S7126 - 037 - 0,Mutual of Omaha Rx Value , Mutual of Omaha Rx,Washington DC,PDP,Regional Plan,$28.40,$415 ,"2,906",101,809,639,898,459,16 ,05,832 ,"36,540 ",0,0,0,0,0,0,0,0,0,0,0,0,0,0,0,0,0,0,0
S7126 - 004 - 0,Mutual of Omaha Rx Plus , Mutual of Omaha Rx,Washington DC,PDP,Regional Plan,$41.90,$415,"3,300",99,1526,370,637,668,21 ,05,368 ,"18,398 ",0,0,0,0,0,0,0,0,0,0,0,0,0,0,0,0,0,0,0
S7126 - 027 - 0,Mutual of Omaha Rx Plus , Mutual of Omaha Rx,Arizona,PDP,Regional Plan,$38.10,$415,"3,300",99,1526,370,637,668,0,28,463 ,"18,398 ",0,0,0,0,0,0,0,0,0,0,0,0,0,0,0,0,0,0,0
S7126 - 060 - 0,Mutual of Omaha Rx Value , Mutual of Omaha Rx,Arizona,PDP,Regional Plan,$25.20,$415 ,"2,906",101,809,639,898,459,0,28,"1,363 ","36,540 ",0,0,0,0,0,0,0,0,0,0,0,0,0,0,0,0,0,0,0
S7126 - 031 - 0,Mutual of Omaha Rx Plus , Mutual of Omaha Rx,California,PDP,Regional Plan,$43.30,$415,"3,300",99,1526,370,637,668,0,32,"1,547 ","18,398 ",0,0,0,0,0,0,0,0,0,0,0,0,0,0,0,0,0,0,0
S7126 - 064 - 0,Mutual of Omaha Rx Value , Mutual of Omaha Rx,California,PDP,Regional Plan,$27.60,$415 ,"2,906",101,809,639,898,459,0,32,"1,874 ","36,540 ",0,0,0,0,0,0,0,0,0,0,0,0,0,0,0,0,0,0,0
S7126 - 033 - 0,Mutual of Omaha Rx Plus , Mutual of Omaha Rx,Alaska,PDP,Regional Plan,$49.00,$415,"3,300",99,1526,370,637,668,0,34,24 ,"18,398 ",0,0,0,0,0,0,0,0,0,0,0,0,0,0,0,0,0,0,0
S7126 - 066 - 0,Mutual of Omaha Rx Value , Mutual of Omaha Rx,Alaska,PDP,Regional Plan,$28.00,$415 ,"2,906",101,809,639,898,459,0,34,92 ,"36,540 ",0,0,0,0,0,0,0,0,0,0,0,0,0,0,0,0,0,0,0
S7126 - 029 - 0,Mutual of Omaha Rx Plus , Mutual of Omaha Rx,Washington State,PDP,Regional Plan,$45.00,$415,"3,300",99,1526,370,637,668,403 ,30,813 ,"18,398 ",0,0,0,0,0,0,0,0,0,0,0,0,0,0,0,0,0,0,0
S7126 - 002 - 0,Mutual of Omaha Rx Plus , Mutual of Omaha Rx,Rhode Island,PDP,Regional Plan,$41.20,$415,"3,300",99,1526,370,637,668,15 ,02,560 ,"18,398 ",0,0,0,0,0,0,0,0,0,0,0,0,0,0,0,0,0,0,0
S7126 - 035 - 0,Mutual of Omaha Rx Value , Mutual of Omaha Rx,Rhode Island,PDP,Regional Plan,$26.40,$415 ,"2,906",101,809,639,898,459,64 ,02,783 ,"36,540 ",0,0,0,0,0,0,0,0,0,0,0,0,0,0,0,0,0,0,0
S7126 - 021 - 0,Mutual of Omaha Rx Plus , Mutual of Omaha Rx,Texas,PDP,Regional Plan,$44.80,$415,"3,300",99,1526,370,637,668,0,22,"1,058 ","18,398 ",0,0,0,0,0,0,0,0,0,0,0,0,0,0,0,0,0,0,0
S7126 - 054 - 0,Mutual of Omaha Rx Value , Mutual of Omaha Rx,Texas,PDP,Regional Plan,$29.20,$415 ,"2,906",101,809,639,898,459,0,22,"1,979 ","36,540 ",0,0,0,0,0,0,0,0,0,0,0,0,0,0,0,0,0,0,0
S7126 - 008 - 0,Mutual of Omaha Rx Plus , Mutual of Omaha Rx,South Carolina,PDP,Regional Plan,$41.70,$415,"3,300",99,1526,370,637,668,0,09,356 ,"18,398 ",0,0,0,0,0,0,0,0,0,0,0,0,0,0,0,0,0,0,0
S7126 - 041 - 0,Mutual of Omaha Rx Value , Mutual of Omaha Rx,South Carolina,PDP,Regional Plan,$26.70,$415 ,"2,906",101,809,639,898,459,0,09,828 ,"36,540 ",0,0,0,0,0,0,0,0,0,0,0,0,0,0,0,0,0,0,0
S7126 - 011 - 0,Mutual of Omaha Rx Plus , Mutual of Omaha Rx,Tennessee,PDP,Regional Plan,$45.40,$415,"3,300",99,1526,370,637,668,80 ,12,639 ,"18,398 ",0,0,0,0,0,0,0,0,0,0,0,0,0,0,0,0,0,0,0
S7126 - 044 - 0,Mutual of Omaha Rx Value , Mutual of Omaha Rx,Tennessee,PDP,Regional Plan,$28.80,$415 ,"2,906",101,809,639,898,459,551 ,12,"1,596 ","36,540 ",0,0,0,0,0,0,0,0,0,0,0,0,0,0,0,0,0,0,0
S7126 - 024 - 0,Mutual of Omaha Rx Plus , Mutual of Omaha Rx,South Dakota,PDP,Regional Plan,$47.00,$415,"3,300",99,1526,370,637,668,77 ,25,"2,351 ","18,398 ",0,0,0,0,0,0,0,0,0,0,0,0,0,0,0,0,0,0,0
S7126 - 057 - 0,Mutual of Omaha Rx Value , Mutual of Omaha Rx,South Dakota,PDP,Regional Plan,$30.20,$415 ,"2,906",101,809,639,898,459,172 ,25,"3,159 ","36,540 ",0,0,0,0,0,0,0,0,0,0,0,0,0,0,0,0,0,0,0
S7126 - 030 - 0,Mutual of Omaha Rx Plus , Mutual of Omaha Rx,Utah,PDP,Regional Plan,$45.50,$415,"3,300",99,1526,370,637,668,82 ,31,318 ,"18,398 ",0,0,0,0,0,0,0,0,0,0,0,0,0,0,0,0,0,0,0
S7126 - 063 - 0,Mutual of Omaha Rx Value , Mutual of Omaha Rx,Utah,PDP,Regional Plan,$27.40,$415 ,"2,906",101,809,639,898,459,425 ,31,966 ,"36,540 ",0,0,0,0,0,0,0,0,0,0,0,0,0,0,0,0,0,0,0
S7126 - 039 - 0,Mutual of Omaha Rx Value , Mutual of Omaha Rx,Virginia,PDP,Regional Plan,$27.00,$415 ,"2,906",101,809,639,898,459,0,07,"1,336 ","36,540 ",0,0,0,0,0,0,0,0,0,0,0,0,0,0,0,0,0,0,0
S7126 - 006 - 0,Mutual of Omaha Rx Plus , Mutual of Omaha Rx,Virginia,PDP,Regional Plan,$41.50,$415,"3,300",99,1526,370,637,668,0,07,472 ,"18,398 ",0,0,0,0,0,0,0,0,0,0,0,0,0,0,0,0,0,0,0
S7126 - 002 - 0,Mutual of Omaha Rx Plus , Mutual of Omaha Rx,Vermont,PDP,Regional Plan,$41.20,$415,"3,300",99,1526,370,637,668,1 ,02,560 ,"18,398 ",0,0,0,0,0,0,0,0,0,0,0,0,0,0,0,0,0,0,0
S7126 - 035 - 0,Mutual of Omaha Rx Value , Mutual of Omaha Rx,Vermont,PDP,Regional Plan,$26.40,$415 ,"2,906",101,809,639,898,459,59 ,02,783 ,"36,540 ",0,0,0,0,0,0,0,0,0,0,0,0,0,0,0,0,0,0,0
S7126 - 062 - 0,Mutual of Omaha Rx Value , Mutual of Omaha Rx,Washington State,PDP,Regional Plan,$29.40,$415 ,"2,906",101,809,639,898,459,662 ,30,"1,180 ","36,540 ",0,0,0,0,0,0,0,0,0,0,0,0,0,0,0,0,0,0,0
S7126 - 015 - 0,Mutual of Omaha Rx Plus , Mutual of Omaha Rx,Wisconsin,PDP,Regional Plan,$46.70,$415,"3,300",99,1526,370,637,668,0,16,381 ,"18,398 ",0,0,0,0,0,0,0,0,0,0,0,0,0,0,0,0,0,0,0
S7126 - 005 - 0,Mutual of Omaha Rx Plus , Mutual of Omaha Rx,West Virginia,PDP,Regional Plan,$42.30,$415,"3,300",99,1526,370,637,668,less than 10 ,06,813 ,"18,398 ",0,0,0,0,0,0,0,0,0,0,0,0,0,0,0,0,0,0,0
S7126 - 048 - 0,Mutual of Omaha Rx Value , Mutual of Omaha Rx,Wisconsin,PDP,Regional Plan,$31.40,$415 ,"2,906",101,809,639,898,459,0,16,485 ,"36,540 ",0,0,0,0,0,0,0,0,0,0,0,0,0,0,0,0,0,0,0
S7126 - 038 - 0,Mutual of Omaha Rx Value , Mutual of Omaha Rx,West Virginia,PDP,Regional Plan,$26.40,$415 ,"2,906",101,809,639,898,459,218 ,06,"2,147 ","36,540 ",0,0,0,0,0,0,0,0,0,0,0,0,0,0,0,0,0,0,0
S7126 - 028 - 0,Mutual of Omaha Rx Plus , Mutual of Omaha Rx,Nevada,PDP,Regional Plan,$39.70,$415,"3,300",99,1526,370,637,668,0,29,150 ,"18,398 ",0,0,0,0,0,0,0,0,0,0,0,0,0,0,0,0,0,0,0
S7126 - 013 - 0,Mutual of Omaha Rx Plus , Mutual of Omaha Rx,Ohio,PDP,Regional Plan,$39.10,$415,"3,300",99,1526,370,637,668,0,14,945 ,"18,398 ",0,0,0,0,0,0,0,0,0,0,0,0,0,0,0,0,0,0,0
S7126 - 034 - 0,Mutual of Omaha Rx Value , Mutual of Omaha Rx,New Hampshire,PDP,Regional Plan,$27.10,$415 ,"2,906",101,809,639,898,459,253 ,01,357 ,"36,540 ",0,0,0,0,0,0,0,0,0,0,0,0,0,0,0,0,0,0,0
S7126 - 001 - 0,Mutual of Omaha Rx Plus , Mutual of Omaha Rx,New Hampshire,PDP,Regional Plan,$48.10,$415,"3,300",99,1526,370,637,668,69 ,01,168 ,"18,398 ",0,0,0,0,0,0,0,0,0,0,0,0,0,0,0,0,0,0,0
S7126 - 003 - 0,Mutual of Omaha Rx Plus , Mutual of Omaha Rx,New Jersey,PDP,Regional Plan,$41.40,$415,"3,300",99,1526,370,637,668,0,04,453 ,"18,398 ",0,0,0,0,0,0,0,0,0,0,0,0,0,0,0,0,0,0,0
S7126 - 036 - 0,Mutual of Omaha Rx Value , Mutual of Omaha Rx,New Jersey,PDP,Regional Plan,$26.40,$415 ,"2,906",101,809,639,898,459,0,04,974 ,"36,540 ",0,0,0,0,0,0,0,0,0,0,0,0,0,0,0,0,0,0,0
S7126 - 058 - 0,Mutual of Omaha Rx Value , Mutual of Omaha Rx,New Mexico,PDP,Regional Plan,$30.80,$415 ,"2,906",101,809,639,898,459,0,26,170 ,"36,540 ",0,0,0,0,0,0,0,0,0,0,0,0,0,0,0,0,0,0,0
S7126 - 061 - 0,Mutual of Omaha Rx Value , Mutual of Omaha Rx,Nevada,PDP,Regional Plan,$26.00,$415 ,"2,906",101,809,639,898,459,0,29,398 ,"36,540 ",0,0,0,0,0,0,0,0,0,0,0,0,0,0,0,0,0,0,0
S7126 - 025 - 0,Mutual of Omaha Rx Plus , Mutual of Omaha Rx,New Mexico,PDP,Regional Plan,$48.20,$415,"3,300",99,1526,370,637,668,0,26,86 ,"18,398 ",0,0,0,0,0,0,0,0,0,0,0,0,0,0,0,0,0,0,0
S7126 - 046 - 0,Mutual of Omaha Rx Value , Mutual of Omaha Rx,Ohio,PDP,Regional Plan,$24.70,$415 ,"2,906",101,809,639,898,459,0,14,"2,129 ","36,540 ",0,0,0,0,0,0,0,0,0,0,0,0,0,0,0,0,0,0,0
S7126 - 055 - 0,Mutual of Omaha Rx Value , Mutual of Omaha Rx,Oklahoma,PDP,Regional Plan,$29.50,$415 ,"2,906",101,809,639,898,459,0,23,584 ,"36,540 ",0,0,0,0,0,0,0,0,0,0,0,0,0,0,0,0,0,0,0
S1894 - 001 - 0,CommunityCare Prescription Drug Plan , CommunityCare Prescription Drug Plan (PDP),Oklahoma,PDP,Regional Plan,$28.00,$415  (Tier 1  excluded from the Deductible.),"3,031",144,503,969,858,557,0,23,"1,837 ","1,837 ",0,0,0,0,0,0,0,0,0,0,0,0,0,0,0,0,0,0,0
S7126 - 022 - 0,Mutual of Omaha Rx Plus , Mutual of Omaha Rx,Oklahoma,PDP,Regional Plan,$46.10,$415,"3,300",99,1526,370,637,668,0,23,280 ,"18,398 ",0,0,0,0,0,0,0,0,0,0,0,0,0,0,0,0,0,0,0
S7126 - 005 - 0,Mutual of Omaha Rx Plus , Mutual of Omaha Rx,Pennsylvania,PDP,Regional Plan,$42.30,$415,"3,300",99,1526,370,637,668,474 ,06,813 ,"18,398 ",0,0,0,0,0,0,0,0,0,0,0,0,0,0,0,0,0,0,0
S7126 - 029 - 0,Mutual of Omaha Rx Plus , Mutual of Omaha Rx,Oregon,PDP,Regional Plan,$45.00,$415,"3,300",99,1526,370,637,668,172 ,30,813 ,"18,398 ",0,0,0,0,0,0,0,0,0,0,0,0,0,0,0,0,0,0,0
S7126 - 062 - 0,Mutual of Omaha Rx Value , Mutual of Omaha Rx,Oregon,PDP,Regional Plan,$29.40,$415 ,"2,906",101,809,639,898,459,357 ,30,"1,180 ","36,540 ",0,0,0,0,0,0,0,0,0,0,0,0,0,0,0,0,0,0,0
S7126 - 038 - 0,Mutual of Omaha Rx Value , Mutual of Omaha Rx,Pennsylvania,PDP,Regional Plan,$26.40,$415 ,"2,906",101,809,639,898,459,"1,558 ",06,"2,147 ","36,540 ",0,0,0,0,0,0,0,0,0,0,0,0,0,0,0,0,0,0,0
S7126 - 014 - 0,Mutual of Omaha Rx Plus , Mutual of Omaha Rx,Kentucky,PDP,Regional Plan,$41.90,$415,"3,300",99,1526,370,637,668,19 ,15,973 ,"18,398 ",0,0,0,0,0,0,0,0,0,0,0,0,0,0,0,0,0,0,0
S7126 - 047 - 0,Mutual of Omaha Rx Value , Mutual of Omaha Rx,Indiana,PDP,Regional Plan,$27.00,$415 ,"2,906",101,809,639,898,459,"1,214 ",15,"2,490 ","36,540 ",0,0,0,0,0,0,0,0,0,0,0,0,0,0,0,0,0,0,0
S7126 - 014 - 0,Mutual of Omaha Rx Plus , Mutual of Omaha Rx,Indiana,PDP,Regional Plan,$41.90,$415,"3,300",99,1526,370,637,668,294 ,15,973 ,"18,398 ",0,0,0,0,0,0,0,0,0,0,0,0,0,0,0,0,0,0,0
S7126 - 047 - 0,Mutual of Omaha Rx Value , Mutual of Omaha Rx,Kentucky,PDP,Regional Plan,$27.00,$415 ,"2,906",101,809,639,898,459,462 ,15,"2,490 ","36,540 ",0,0,0,0,0,0,0,0,0,0,0,0,0,0,0,0,0,0,0
S7126 - 024 - 0,Mutual of Omaha Rx Plus , Mutual of Omaha Rx,Minnesota,PDP,Regional Plan,$47.00,$415,"3,300",99,1526,370,637,668,176 ,25,"2,351 ","18,398 ",0,0,0,0,0,0,0,0,0,0,0,0,0,0,0,0,0,0,0
S7126 - 023 - 0,Mutual of Omaha Rx Plus , Mutual of Omaha Rx,Kansas,PDP,Regional Plan,$44.20,$415,"3,300",99,1526,370,637,668,0,24,497 ,"18,398 ",0,0,0,0,0,0,0,0,0,0,0,0,0,0,0,0,0,0,0
S7126 - 056 - 0,Mutual of Omaha Rx Value , Mutual of Omaha Rx,Kansas,PDP,Regional Plan,$29.40,$415 ,"2,906",101,809,639,898,459,0,24,741 ,"36,540 ",0,0,0,0,0,0,0,0,0,0,0,0,0,0,0,0,0,0,0
S7126 - 017 - 0,Mutual of Omaha Rx Plus , Mutual of Omaha Rx,Missouri,PDP,Regional Plan,$47.10,$415,"3,300",99,1526,370,637,668,0,18,782 ,"18,398 ",0,0,0,0,0,0,0,0,0,0,0,0,0,0,0,0,0,0,0
S7126 - 050 - 0,Mutual of Omaha Rx Value , Mutual of Omaha Rx,Missouri,PDP,Regional Plan,$28.70,$415 ,"2,906",101,809,639,898,459,0,18,"1,965 ","36,540 ",0,0,0,0,0,0,0,0,0,0,0,0,0,0,0,0,0,0,0
S7126 - 012 - 0,Mutual of Omaha Rx Plus , Mutual of Omaha Rx,Michigan,PDP,Regional Plan,$49.00,$415,"3,300",99,1526,370,637,668,0,13,254 ,"18,398 ",0,0,0,0,0,0,0,0,0,0,0,0,0,0,0,0,0,0,0
S7126 - 057 - 0,Mutual of Omaha Rx Value , Mutual of Omaha Rx,Minnesota,PDP,Regional Plan,$30.20,$415 ,"2,906",101,809,639,898,459,346 ,25,"3,159 ","36,540 ",0,0,0,0,0,0,0,0,0,0,0,0,0,0,0,0,0,0,0
S7126 - 045 - 0,Mutual of Omaha Rx Value , Mutual of Omaha Rx,Michigan,PDP,Regional Plan,$31.00,$415 ,"2,906",101,809,639,898,459,0,13,614 ,"36,540 ",0,0,0,0,0,0,0,0,0,0,0,0,0,0,0,0,0,0,0
S7126 - 001 - 0,Mutual of Omaha Rx Plus , Mutual of Omaha Rx,Maine,PDP,Regional Plan,$48.10,$415,"3,300",99,1526,370,637,668,less than 10 ,01,168 ,"18,398 ",0,0,0,0,0,0,0,0,0,0,0,0,0,0,0,0,0,0,0
S7126 - 034 - 0,Mutual of Omaha Rx Value , Mutual of Omaha Rx,Maine,PDP,Regional Plan,$27.10,$415 ,"2,906",101,809,639,898,459,39 ,01,357 ,"36,540 ",0,0,0,0,0,0,0,0,0,0,0,0,0,0,0,0,0,0,0
S7126 - 052 - 0,Mutual of Omaha Rx Value , Mutual of Omaha Rx,Mississippi,PDP,Regional Plan,$30.90,$415 ,"2,906",101,809,639,898,459,0,20,470 ,"36,540 ",0,0,0,0,0,0,0,0,0,0,0,0,0,0,0,0,0,0,0
S7126 - 019 - 0,Mutual of Omaha Rx Plus , Mutual of Omaha Rx,Mississippi,PDP,Regional Plan,$51.80,$415,"3,300",99,1526,370,637,668,0,20,159 ,"18,398 ",0,0,0,0,0,0,0,0,0,0,0,0,0,0,0,0,0,0,0
S7126 - 040 - 0,Mutual of Omaha Rx Value , Mutual of Omaha Rx,North Carolina,PDP,Regional Plan,$28.00,$415 ,"2,906",101,809,639,898,459,0,08,"1,523 ","36,540 ",0,0,0,0,0,0,0,0,0,0,0,0,0,0,0,0,0,0,0
S7126 - 007 - 0,Mutual of Omaha Rx Plus , Mutual of Omaha Rx,North Carolina,PDP,Regional Plan,$45.60,$415,"3,300",99,1526,370,637,668,0,08,587 ,"18,398 ",0,0,0,0,0,0,0,0,0,0,0,0,0,0,0,0,0,0,0
S7126 - 024 - 0,Mutual of Omaha Rx Plus , Mutual of Omaha Rx,Montana,PDP,Regional Plan,$47.00,$415,"3,300",99,1526,370,637,668,44 ,25,"2,351 ","18,398 ",0,0,0,0,0,0,0,0,0,0,0,0,0,0,0,0,0,0,0
S7126 - 057 - 0,Mutual of Omaha Rx Value , Mutual of Omaha Rx,Montana,PDP,Regional Plan,$30.20,$415 ,"2,906",101,809,639,898,459,78 ,25,"3,159 ","36,540 ",0,0,0,0,0,0,0,0,0,0,0,0,0,0,0,0,0,0,0
S7126 - 024 - 0,Mutual of Omaha Rx Plus , Mutual of Omaha Rx,Nebraska,PDP,Regional Plan,$47.00,$415,"3,300",99,1526,370,637,668,256 ,25,"2,351 ","18,398 ",0,0,0,0,0,0,0,0,0,0,0,0,0,0,0,0,0,0,0
S7126 - 057 - 0,Mutual of Omaha Rx Value , Mutual of Omaha Rx,Nebraska,PDP,Regional Plan,$30.20,$415 ,"2,906",101,809,639,898,459,498 ,25,"3,159 ","36,540 ",0,0,0,0,0,0,0,0,0,0,0,0,0,0,0,0,0,0,0
S7126 - 024 - 0,Mutual of Omaha Rx Plus , Mutual of Omaha Rx,North Dakota,PDP,Regional Plan,$47.00,$415,"3,300",99,1526,370,637,668,29 ,25,"2,351 ","18,398 ",0,0,0,0,0,0,0,0,0,0,0,0,0,0,0,0,0,0,0
S7126 - 057 - 0,Mutual of Omaha Rx Value , Mutual of Omaha Rx,North Dakota,PDP,Regional Plan,$30.20,$415 ,"2,906",101,809,639,898,459,79 ,25,"3,159 ","36,540 ",0,0,0,0,0,0,0,0,0,0,0,0,0,0,0,0,0,0,0
S7126 - 030 - 0,Mutual of Omaha Rx Plus , Mutual of Omaha Rx,Idaho,PDP,Regional Plan,$45.50,$415,"3,300",99,1526,370,637,668,69 ,31,318 ,"18,398 ",0,0,0,0,0,0,0,0,0,0,0,0,0,0,0,0,0,0,0
S7126 - 032 - 0,Mutual of Omaha Rx Plus , Mutual of Omaha Rx,Hawaii,PDP,Regional Plan,$41.30,$415,"3,300",99,1526,370,637,668,0,33,18 ,"18,398 ",0,0,0,0,0,0,0,0,0,0,0,0,0,0,0,0,0,0,0
S7126 - 024 - 0,Mutual of Omaha Rx Plus , Mutual of Omaha Rx,Iowa,PDP,Regional Plan,$47.00,$415,"3,300",99,1526,370,637,668,347 ,25,"2,351 ","18,398 ",0,0,0,0,0,0,0,0,0,0,0,0,0,0,0,0,0,0,0
S7126 - 065 - 0,Mutual of Omaha Rx Value , Mutual of Omaha Rx,Hawaii,PDP,Regional Plan,$26.60,$415 ,"2,906",101,809,639,898,459,0,33,14 ,"36,540 ",0,0,0,0,0,0,0,0,0,0,0,0,0,0,0,0,0,0,0
S7126 - 057 - 0,Mutual of Omaha Rx Value , Mutual of Omaha Rx,Iowa,PDP,Regional Plan,$30.20,$415 ,"2,906",101,809,639,898,459,305 ,25,"3,159 ","36,540 ",0,0,0,0,0,0,0,0,0,0,0,0,0,0,0,0,0,0,0
S7126 - 049 - 0,Mutual of Omaha Rx Value , Mutual of Omaha Rx,Illinois,PDP,Regional Plan,$28.10,$415 ,"2,906",101,809,639,898,459,0,17,"2,229 ","36,540 ",0,0,0,0,0,0,0,0,0,0,0,0,0,0,0,0,0,0,0
S7126 - 016 - 0,Mutual of Omaha Rx Plus , Mutual of Omaha Rx,Illinois,PDP,Regional Plan,$45.80,$415,"3,300",99,1526,370,637,668,0,17,834 ,"18,398 ",0,0,0,0,0,0,0,0,0,0,0,0,0,0,0,0,0,0,0
S7126 - 063 - 0,Mutual of Omaha Rx Value , Mutual of Omaha Rx,Idaho,PDP,Regional Plan,$27.40,$415 ,"2,906",101,809,639,898,459,306 ,31,966 ,"36,540 ",0,0,0,0,0,0,0,0,0,0,0,0,0,0,0,0,0,0,0
